{
    "properties": {
        "displayName": "CreateFileNxScript",
        "policyType": "Custom",
        "mode": "Indexed",
        "description": "CreateFileNxScript",
        "metadata": {
            "category": "Guest Configuration",
            "version": "1.0.0",
            "requiredProviders": [
                "Microsoft.GuestConfiguration"
            ],
            "guestConfiguration": {
                "name": "CreateFileNxScript",
                "version": "1.0.0",
                "contentType": "Custom",
                "contentUri": "https://ddsharedstorage.blob.core.windows.net/machine-configuration/CreateFileNxScript.zip?sv=2022-11-02&st=2023-09-28T07%3A01%3A18Z&se=2026-09-28T07%3A01%3A18Z&sr=b&sp=r&sig=ljPdZ62MwFhFcTtPaFawg4lmg7kz%2FGZfFDRmxKyvdUg%3D",
                "contentHash": "E9EF4F6872D0B3D3091055F5FD652145118B076540E653DAE221E37B843E15B9"
            }
        },
        "parameters": {
            "IncludeArcMachines": {
                "type": "string",
                "metadata": {
                    "displayName": "Include Arc connected machines",
                    "description": "By selecting this option, you agree to be charged monthly per Arc connected machine.",
                    "portalReview": "true"
                },
                "allowedValues": [
                    "true",
                    "false"
                ],
                "defaultValue": "false"
            }
        },
        "policyRule": {
            "if": {
                "anyOf": [
                    {
                        "allOf": [
                            {
                                "anyOf": [
                                    {
                                        "field": "type",
                                        "equals": "Microsoft.Compute/virtualMachines"
                                    },
                                    {
                                        "field": "type",
                                        "equals": "Microsoft.Compute/virtualMachineScaleSets"
                                    }
                                ]
                            },
                            {
                                "field": "tags['aks-managed-orchestrator']",
                                "exists": "false"
                            },
                            {
                                "field": "tags['aks-managed-poolName']",
                                "exists": "false"
                            },
                            {
                                "anyOf": [
                                    {
                                        "field": "Microsoft.Compute/imagePublisher",
                                        "in": [
                                            "microsoft-aks",
                                            "qubole-inc",
                                            "datastax",
                                            "couchbase",
                                            "scalegrid",
                                            "checkpoint",
                                            "paloaltonetworks",
                                            "debian",
                                            "credativ"
                                        ]
                                    },
                                    {
                                        "allOf": [
                                            {
                                                "field": "Microsoft.Compute/imagePublisher",
                                                "equals": "OpenLogic"
                                            },
                                            {
                                                "field": "Microsoft.Compute/imageSKU",
                                                "notLike": "6*"
                                            }
                                        ]
                                    },
                                    {
                                        "allOf": [
                                            {
                                                "field": "Microsoft.Compute/imagePublisher",
                                                "equals": "Oracle"
                                            },
                                            {
                                                "field": "Microsoft.Compute/imageSKU",
                                                "notLike": "6*"
                                            }
                                        ]
                                    },
                                    {
                                        "allOf": [
                                            {
                                                "field": "Microsoft.Compute/imagePublisher",
                                                "equals": "RedHat"
                                            },
                                            {
                                                "field": "Microsoft.Compute/imageSKU",
                                                "notLike": "6*"
                                            }
                                        ]
                                    },
                                    {
                                        "allOf": [
                                            {
                                                "field": "Microsoft.Compute/imagePublisher",
                                                "equals": "center-for-internet-security-inc"
                                            },
                                            {
                                                "field": "Microsoft.Compute/imageOffer",
                                                "notLike": "cis-windows*"
                                            }
                                        ]
                                    },
                                    {
                                        "allOf": [
                                            {
                                                "field": "Microsoft.Compute/imagePublisher",
                                                "equals": "Suse"
                                            },
                                            {
                                                "field": "Microsoft.Compute/imageSKU",
                                                "notLike": "11*"
                                            }
                                        ]
                                    },
                                    {
                                        "allOf": [
                                            {
                                                "field": "Microsoft.Compute/imagePublisher",
                                                "equals": "Canonical"
                                            },
                                            {
                                                "field": "Microsoft.Compute/imageSKU",
                                                "notLike": "12*"
                                            }
                                        ]
                                    },
                                    {
                                        "allOf": [
                                            {
                                                "field": "Microsoft.Compute/imagePublisher",
                                                "equals": "microsoft-dsvm"
                                            },
                                            {
                                                "field": "Microsoft.Compute/imageOffer",
                                                "notLike": "dsvm-win*"
                                            }
                                        ]
                                    },
                                    {
                                        "allOf": [
                                            {
                                                "field": "Microsoft.Compute/imagePublisher",
                                                "equals": "cloudera"
                                            },
                                            {
                                                "field": "Microsoft.Compute/imageSKU",
                                                "notLike": "6*"
                                            }
                                        ]
                                    },
                                    {
                                        "allOf": [
                                            {
                                                "field": "Microsoft.Compute/imagePublisher",
                                                "equals": "microsoft-ads"
                                            },
                                            {
                                                "field": "Microsoft.Compute/imageOffer",
                                                "like": "linux*"
                                            }
                                        ]
                                    },
                                    {
                                        "allOf": [
                                            {
                                                "anyOf": [
                                                    {
                                                        "field": "Microsoft.Compute/virtualMachines/osProfile.linuxConfiguration",
                                                        "exists": true
                                                    },
                                                    {
                                                        "field": "Microsoft.Compute/virtualMachines/storageProfile.osDisk.osType",
                                                        "like": "Linux*"
                                                    },
                                                    {
                                                        "field": "Microsoft.Compute/virtualMachineScaleSets/osProfile.linuxConfiguration",
                                                        "exists": true
                                                    },
                                                    {
                                                        "field": "Microsoft.Compute/virtualMachineScaleSets/virtualMachineProfile.storageProfile.osDisk.osType",
                                                        "like": "Linux*"
                                                    }
                                                ]
                                            },
                                            {
                                                "anyOf": [
                                                    {
                                                        "field": "Microsoft.Compute/imagePublisher",
                                                        "exists": false
                                                    },
                                                    {
                                                        "field": "Microsoft.Compute/imagePublisher",
                                                        "notIn": [
                                                            "OpenLogic",
                                                            "RedHat",
                                                            "credativ",
                                                            "Suse",
                                                            "Canonical",
                                                            "microsoft-dsvm",
                                                            "cloudera",
                                                            "microsoft-ads",
                                                            "center-for-internet-security-inc",
                                                            "Oracle",
                                                            "AzureDatabricks",
                                                            "azureopenshift"
                                                        ]
                                                    }
                                                ]
                                            }
                                        ]
                                    }
                                ]
                            }
                        ]
                    },
                    {
                        "allOf": [
                            {
                                "value": "[parameters('IncludeArcMachines')]",
                                "equals": true
                            },
                            {
                                "anyOf": [
                                    {
                                        "allOf": [
                                            {
                                                "field": "type",
                                                "equals": "Microsoft.HybridCompute/machines"
                                            },
                                            {
                                                "field": "Microsoft.HybridCompute/imageOffer",
                                                "like": "linux*"
                                            }
                                        ]
                                    },
                                    {
                                        "allOf": [
                                            {
                                                "field": "type",
                                                "equals": "Microsoft.ConnectedVMwarevSphere/virtualMachines"
                                            },
                                            {
                                                "field": "Microsoft.ConnectedVMwarevSphere/virtualMachines/osProfile.osType",
                                                "like": "linux*"
                                            }
                                        ]
                                    }
                                ]
                            }
                        ]
                    }
                ]
            },
            "then": {
                "effect": "auditIfNotExists",
                "details": {
                    "type": "Microsoft.GuestConfiguration/guestConfigurationAssignments",
                    "name": "[concat('CreateFileNxScript$pid', uniqueString(policy().assignmentId, policy().definitionReferenceId))]",
                    "existenceCondition": {
                        "field": "Microsoft.GuestConfiguration/guestConfigurationAssignments/complianceStatus",
                        "equals": "Compliant"
                    }
                }
            }
        }
    },
    "name": "cdce07e1-4c7a-4eda-bb7c-5f12737b2078"
}
